"title","link"
"ตอนที่ 01 คืนพักร้อนที่โรงแรมแคทซ์ พากย์ไทย","https://www.animekub.com/play/5170/"
"ตอนที่ 02 สตูพาชิมคุณยาย พากย์ไทย","https://www.animekub.com/play/5171/"
"ตอนที่ 03 เงาของเคอเรจ พากย์ไทย","https://www.animekub.com/play/5172/"
"ตอนที่ 04 ดอกเตอร์เลอแคว็ก หมอเชี่ยวชาญประสาทเสื่อม พากย์ไทย","https://www.animekub.com/play/5173/"
"ตอนที่ 05 เคอเรจพบเจ้าตีนโต พากย์ไทย","https://www.animekub.com/play/5174/"
"ตอนที่ 06 ขี้โมโห พากย์ไทย","https://www.animekub.com/play/5175/"
"ตอนที่ 07 ปีศาจฟูก พากย์ไทย","https://www.animekub.com/play/5176/"
"ตอนที่ 08 เฟรดสติเฟื่อง พากย์ไทย","https://www.animekub.com/play/5177/"
"ตอนที่ 09 คืนของเวอมอร์ พากย์ไทย","https://www.animekub.com/play/5178/"
"ตอนที่ 10 วันแม่ พากย์ไทย","https://www.animekub.com/play/5179/"
"ตอนที่ 11 เป็ดต่างดาว พากย์ไทย","https://www.animekub.com/play/5180/"
"ตอนที่ 12 เชอร์รี่สื่อวิญญาณ พากย์ไทย","https://www.animekub.com/play/5181/"
"ตอนที่ 13 คำสาปราชาแรมซี่ พากย์ไทย","https://www.animekub.com/play/5182/"
"ตอนที่ 14 เชื้อรา พากย์ไทย","https://www.animekub.com/play/5183/"
"ตอนที่ 15 เพื่อนหลังค่อม พากย์ไทย","https://www.animekub.com/play/5184/"
"ตอนที่ 16 เทพเจ้าห่าน พากย์ไทย","https://www.animekub.com/play/5185/"
"ตอนที่ 17 ราชินีแอ่งน้ำดำ พากย์ไทย","https://www.animekub.com/play/5186/"
"ตอนที่ 18 ใครๆก็อยากกำกับ พากย์ไทย","https://www.animekub.com/play/5187/"
"ตอนที่ 19 มนุษย์หิมะ พากย์ไทย","https://www.animekub.com/play/5188/"
"ตอนที่ 20 ลูกเป็ดจอมป่วน พากย์ไทย","https://www.animekub.com/play/5189/"
"ตอนที่ 21 เบอร์เกอร์หัวคน พากย์ไทย","https://www.animekub.com/play/5190/"
"ตอนที่ 22 คลับแคทซ์ พากย์ไทย","https://www.animekub.com/play/5191/"
"ตอนที่ 23 ไก่ต่างดาว พากย์ไทย","https://www.animekub.com/play/5192/"
"ตอนที่ 24 ผจญภัยใต้โนแวร์ พากย์ไทย","https://www.animekub.com/play/5193/"
"ตอนที่ 25 เมอเรียลน้อย พากย์ไทย","https://www.animekub.com/play/5194/"
"ตอนที่ 26 สุดยอดเจ้าฟูลซิลลี่ พากย์ไทย","https://www.animekub.com/play/5195/"
"ตอนที่ 27 ต้นไม้มหัศจรรย์ พากย์ไทย","https://www.animekub.com/play/5196/"
"ตอนที่ 28 แรนดี้ หุ่นยนต์แสนดี พากย์ไทย","https://www.animekub.com/play/5197/"
"ตอนที่ 29 ถอนคำสาป พากย์ไทย","https://www.animekub.com/play/5198/"
"ตอนที่ 30 เคอเรจผจญภัย พากย์ไทย","https://www.animekub.com/play/5199/"
"ตอนที่ 31 ธุระกิจใหม่ พากย์ไทย","https://www.animekub.com/play/5200/"
"ตอนที่ 32 เคอเรจตลุยอนาคต พากย์ไทย","https://www.animekub.com/play/5201/"
"ตอนที่ 33 ปลุกวิญญาณมัมมี่ พากย์ไทย","https://www.animekub.com/play/5202/"
"ตอนที่ 34 เพชรล่องหน พากย์ไทย","https://www.animekub.com/play/5203/"
"ตอนที่ 35 หมอมหาภัย พากย์ไทย","https://www.animekub.com/play/5204/"
"ตอนที่ 36 วายร้ายแบททีเรีย พากย์ไทย","https://www.animekub.com/play/5205/"
"ตอนที่ 37 เคอเรจ เจ้าแมลงน้อย พากย์ไทย","https://www.animekub.com/play/5206/"
"ตอนที่ 38 สูตรขนมอันตราย พากย์ไทย","https://www.animekub.com/play/5207/"
"ตอนที่ 39 ทีวีพิศวง พากย์ไทย","https://www.animekub.com/play/5208/"
"ตอนที่ 40 เมอเรียลยอดหญิงทรงพลัง พากย์ไทย","https://www.animekub.com/play/5209/"
"ตอนที่ 41 แบบผมสุดฮอต พากย์ไทย","https://www.animekub.com/play/5210/"
"ตอนที่ 42 ความหายนะบนกิเลศ พากย์ไทย","https://www.animekub.com/play/5211/"
"ตอนที่ 43 สายน้ำมรณะ พากย์ไทย","https://www.animekub.com/play/5212/"
"ตอนที่ 44 กลายเป็นยักษ์ พากย์ไทย","https://www.animekub.com/play/5213/"
"ตอนที่ 45 แขกต่างดาว พากย์ไทย","https://www.animekub.com/play/5214/"
"ตอนที่ 46 คาวบอยเคอเรจ พากย์ไทย","https://www.animekub.com/play/5215/"
"ตอนที่ 47 แมลงมหาภัย พากย์ไทย","https://www.animekub.com/play/5216/"
"ตอนที่ 48 เงาปีศาจ พากย์ไทย","https://www.animekub.com/play/5217/"
"ตอนที่ 49 สวรรค์บนดิน พากย์ไทย","https://www.animekub.com/play/5218/"
"ตอนที่ 50 หีบเพลงสวรรค์ พากย์ไทย","https://www.animekub.com/play/5219/"
"ตอนที่ 51 คอน ปราสาทซาร์ลอส พากย์ไทย","https://www.animekub.com/play/5220/"
"ตอนที่ 52 เมอเรียลตัวปลอม พากย์ไทย","https://www.animekub.com/play/5221/"
"ตอนที่ 53 เคอเรจกับเมก้ายอดอัจฉรียะ พากย์ไทย","https://www.animekub.com/play/5222/"
"ตอนที่ 54 แคมป์สยองขวัญ พากย์ไทย","https://www.animekub.com/play/5223/"
"ตอนที่ 55 แผ่นเสียงผีสิง พากย์ไทย","https://www.animekub.com/play/5224/"
"ตอนที่ 56 เทพเจ้าแห่งพายุ พากย์ไทย","https://www.animekub.com/play/5225/"
"ตอนที่ 57 ผงทรายนิทรา พากย์ไทย","https://www.animekub.com/play/5226/"
"ตอนที่ 58 ไวรัสคอมพิวเตอร์ พากย์ไทย","https://www.animekub.com/play/5227/"
"ตอนที่ 59 ความรักของวัลคีรี่ พากย์ไทย","https://www.animekub.com/play/5228/"
"ตอนที่ 60 ไปดำน้ำกันเถอะ พากย์ไทย","https://www.animekub.com/play/5229/"
"ตอนที่ 61 คอนเวย์มนุษย์กลายพันธุ์ พากย์ไทย","https://www.animekub.com/play/5230/"
"ตอนที่ 62 เรือดำน้ำแคทซ์ พากย์ไทย","https://www.animekub.com/play/5231/"
"ตอนที่ 63 ผู้นำคนใหม่ พากย์ไทย","https://www.animekub.com/play/5232/"
"ตอนที่ 64 อาหารโปรดของกบ พากย์ไทย","https://www.animekub.com/play/5233/"
"ตอนที่ 65 หนอนอวกาศ พากย์ไทย","https://www.animekub.com/play/5234/"
"ตอนที่ 66 หุ่นไล่กา พากย์ไทย","https://www.animekub.com/play/5235/"
"ตอนที่ 67 มนต์วิเศษ พากย์ไทย","https://www.animekub.com/play/5236/"
"ตอนที่ 68 ดูแลลูกนก พากย์ไทย","https://www.animekub.com/play/5237/"
"ตอนที่ 69 เรื่องของปลา พากย์ไทย","https://www.animekub.com/play/5238/"
"ตอนที่ 70 ดาราจำเป็น พากย์ไทย","https://www.animekub.com/play/5239/"
"ตอนที่ 71 โดมมรณะ พากย์ไทย","https://www.animekub.com/play/5240/"
"ตอนที่ 72 การแก้แค้นของตุ๊กตาหิมะ พากย์ไทย","https://www.animekub.com/play/5241/"
"ตอนที่ 73 ชมรมเย็บปัก พากย์ไทย","https://www.animekub.com/play/5242/"
"ตอนที่ 74 ลมลวง พากย์ไทย","https://www.animekub.com/play/5243/"
"ตอนที่ 75 ราชาขนมฟราน พากย์ไทย","https://www.animekub.com/play/5244/"
"ตอนที่ 76 เคอเรจกับภูเชาไฟ พากย์ไทย","https://www.animekub.com/play/5245/"
"ตอนที่ 77 ชีวิตของบีเวอร์ พากย์ไทย","https://www.animekub.com/play/5246/"
"ตอนที่ 78 บุกเมืองหนู พากย์ไทย","https://www.animekub.com/play/5247/"
"ตอนที่ 79 ผิวผ้าย่น พากย์ไทย","https://www.animekub.com/play/5248/"
"ตอนที่ 80 บ้านเรียกหา พากย์ไทย","https://www.animekub.com/play/5249/"
"ตอนที่ 81 ท่องโลกบนบอลลูน พากย์ไทย","https://www.animekub.com/play/5250/"
"ตอนที่ 82 กังหันลมผีสิง พากย์ไทย","https://www.animekub.com/play/5251/"
"ตอนที่ 83 ตอนไช้หวัดพิสดาร พากย์ไทย","https://www.animekub.com/play/5252/"
"ตอนที่ 84 ชาวนานักล่า-ชาวนาถูกล่า พากย์ไทย","https://www.animekub.com/play/5253/"
"ตอนที่ 85 เจ้าสาวสัตว์ประหลาดแห่งหนองน้ำ พากย์ไทย","https://www.animekub.com/play/5254/"
"ตอนที่ 86 ความเจ็บปวดของแพะ พากย์ไทย","https://www.animekub.com/play/5255/"
"ตอนที่ 87 เมอเรียลพองพอง พากย์ไทย","https://www.animekub.com/play/5256/"
"ตอนที่ 88 ร่างใหม่กับเคอเรจ พากย์ไทย","https://www.animekub.com/play/5257/"
"ตอนที่ 89 หน้ากาก พากย์ไทย","https://www.animekub.com/play/5258/"
"ตอนที่ 90 ตลุยเมืองจีน พากย์ไทย","https://www.animekub.com/play/5259/"
"ตอนที่ 91 เมอเรียลเป็นใบ้ พากย์ไทย","https://www.animekub.com/play/5260/"
"ตอนที่ 92 ผู้ท้าชิง พากย์ไทย","https://www.animekub.com/play/5261/"
"ตอนที่ 93 เหยื่อมังกร พากย์ไทย","https://www.animekub.com/play/5262/"
"ตอนที่ 94 ชะตากรรมผู้สร้างดวงดาว พากย์ไทย","https://www.animekub.com/play/5263/"
"ตอนที่ 95 แค้นนี้ต้องชำระ พากย์ไทย","https://www.animekub.com/play/5264/"
"ตอนที่ 96 ยาขนานเอก พากย์ไทย","https://www.animekub.com/play/5265/"
"ตอนที่ 97 เกมแห่งการแก้แค้น พากย์ไทย","https://www.animekub.com/play/5266/"
"ตอนที่ 98 เคอเรจคาบาเร่ พากย์ไทย","https://www.animekub.com/play/5267/"
"ตอนที่ 99 อาถรรพ์หนังสือ พากย์ไทย","https://www.animekub.com/play/5268/"
"ตอนที่ 100 ลำลึกความหลัง พากย์ไทย","https://www.animekub.com/play/5269/"
"ตอนที่ 101 สมบูรณ์แบบ จบ พากย์ไทย","https://www.animekub.com/play/5270/"
"",